MITE_T_96|chr06|18136415|18136858|TA|25|F7.fasta,1,51
MITE_T_16847|chr01|42137206|42137739|GCCG|23|F1610.fasta,10,12
MITE_T_4621|chr01|42784778|42785520|CG|10|F386.fasta,12,12
MITE_T_2892|chr03|12410305|12410615|TA|38|F242.fasta,15,47
MITE_T_14764|chr06|20361540|20361683|ca|154|F1373.fasta,16,16
MITE_T_15117|chr08|10509021|10509154|ttaa|20|F1412.fasta,23,12
MITE_T_15040|chr11|19229367|19229507|att|16|F1395.fasta,23,16
MITE_T_14721|chr08|2575139|2575282|TT|47|F1366.fasta,24,16
MITE_T_15108|chr10|11208450|11208584|ttaa|49|F1410.fasta,25,13
MITE_T_16111|chr03|1278137|1278765|cctggcta|13|F1540.fasta,25,21
MITE_T_16807|chr02|28184244|28184781|GCTGTGCT|13|F1607.fasta,30,21
MITE_T_16016|chr11|26863384|26864018|TA|28|F1538.fasta,45,12
MITE_T_17169|chr01|25267685|25268205|AAA|527|F1622.fasta,50,11
MITE_T_17421|chr01|12681596|12682089|TTT|497|F1652.fasta,56,18
MITE_T_15284|chr08|12907949|12908066|gc|35|F1443.fasta,56,12
MITE_T_763|chr09|12927971|12928371|TTAA|414|F45.fasta,71,12
MITE_T_11556|chr08|27637607|27637834|GGTG|10|F1002.fasta,72,12
MITE_T_12932|chr09|2344638|2344806|ca|61|F1167.fasta,79,13
MITE_T_2593|chr04|4227281|4227599|cg|331|F217.fasta,99,49
MITE_T_145|chr01|39829053|39829496|at|135|F8.fasta,106,12
MITE_T_1510|chr08|17986462|17986823|ta|375|F106.fasta,107,26
MITE_T_1516|chr06|27607603|27607964|ta|375|F108.fasta,110,28
MITE_T_11917|chr01|17292898|17293117|TCa|27|F1040.fasta,117,15
MITE_T_14627|chr02|32431436|32431581|AAT|17|F1354.fasta,145,12
MITE_T_1180|chr08|12353623|12354000|at|25|F74.fasta,146,17
MITE_T_10755|chr03|14172399|14172636|taa|29|F902.fasta,154,13
MITE_T_14959|chr01|5597141|5597281|TAC|12|F1393.fasta,154,13
MITE_T_9198|chr03|33746635|33746877|At|78|F780.fasta,162,17
MITE_T_1446|chr04|7315410|7315774|tA|16|F98.fasta,192,19
MITE_T_464|chr03|8227768|8228180|tatata|149|F28.fasta,194,13
MITE_T_1538|chr11|5190874|5191234|TAta|80|F113.fasta,205,13
MITE_T_1452|chr02|3928941|3929304|TAA|22|F100.fasta,208,17
MITE_T_536|chr12|26979311|26979719|tata|23|F35.fasta,208,13
MITE_T_10215|chr02|10873339|10873578|TATG|247|F845.fasta,209,17
MITE_T_14823|chr09|12141051|12141192|AT|15|F1383.fasta,224,19
MITE_T_17501|chr08|7855991|7856474|atatatatat|97|F1659.fasta,224,26
MITE_T_17582|chr09|18323706|18324168|ATATAtatat|83|F1672.fasta,228,17
MITE_T_1045|chr12|8504669|8505052|Gc|14|F60.fasta,229,12
MITE_T_17543|chr02|25626133|25626602|tatatatata|90|F1668.fasta,234,19
MITE_T_1438|chr04|29342749|29343113|TTA|13|F96.fasta,252,17
MITE_T_1384|chr09|19836642|19837006|TTA|24|F93.fasta,256,19
MITE_T_11930|chr07|28805596|28805815|TAa|26|F1043.fasta,256,16
MITE_T_10470|chr07|2604023|2604261|TCa|28|F874.fasta,257,16
MITE_T_8891|chr01|1649898|1650141|ta|88|F754.fasta,259,11
MITE_T_15419|chr02|35512664|35512772|at|16|F1467.fasta,261,11
MITE_T_17255|chr07|25125878|25126390|TA|110|F1634.fasta,262,14
MITE_T_1372|chr09|11504734|11505099|TA|24|F91.fasta,265,19
MITE_T_7501|chr01|2345132|2345382|ta|261|F648.fasta,266,13
MITE_T_12244|chr03|16505681|16505892|gc|25|F1077.fasta,271,20
MITE_T_1606|chr09|20341356|20341712|gc|11|F122.fasta,278,17
MITE_T_15391|chr03|22849915|22850023|at|16|F1461.fasta,282,18
MITE_T_15397|chr09|9283725|9283833|at|16|F1462.fasta,284,16
MITE_T_1402|chr10|19591170|19591534|TCA|15|F95.fasta,288,19
MITE_T_1318|chr03|20887374|20887740|TTA|21|F85.fasta,304,20
MITE_T_14634|chr05|24243944|24244089|TCA|32|F1355.fasta,304,18
MITE_T_1379|chr11|19543245|19543609|TAA|17|F92.fasta,305,19
MITE_T_1574|chr03|1533511|1533868|gc|22|F116.fasta,305,18
MITE_T_11962|chr06|199262|199480|tat|51|F1046.fasta,309,16
MITE_T_1441|chr08|21645544|21645908|TAA|16|F97.fasta,315,19
MITE_T_167|chr01|18133782|18134218|TAA|13|F12.fasta,318,17
MITE_T_9593|chr02|32027596|32027837|agt|77|F799.fasta,320,16
MITE_T_9996|chr05|6743536|6743775|At|81|F832.fasta,321,15
MITE_T_11907|chr10|19960703|19960922|TTT|26|F1038.fasta,324,12
MITE_T_9149|chr11|2884460|2884702|ta|28|F773.fasta,325,16
MITE_T_14814|chr08|8820361|8820502|TCT|12|F1382.fasta,327,14
MITE_T_1286|chr11|2747096|2747468|TTA|23|F82.fasta,332,20
MITE_T_15343|chr01|27613798|27613910|tg|15|F1455.fasta,333,97
MITE_T_12827|chr04|28424354|28424529|agct|13|F1151.fasta,335,27
MITE_T_1455|chr07|17190730|17191093|TTA|16|F101.fasta,338,19
MITE_T_1314|chr06|7168038|7168407|at|20|F84.fasta,339,19
MITE_T_15319|chr11|15388634|15388749|at|16|F1449.fasta,345,16
MITE_T_14899|chr07|25262558|25262698|TGG|16|F1389.fasta,345,16
MITE_T_1631|chr05|26784927|26785283|gc|21|F123.fasta,348,19
MITE_T_6983|chr02|2831712|2831966|gc|14|F599.fasta,358,19
MITE_T_1324|chr04|20312862|20313228|TA|18|F86.fasta,365,19
MITE_T_15414|chr06|4917022|4917130|at|16|F1466.fasta,367,12
MITE_T_9874|chr02|35614831|35615071|At|259|F823.fasta,372,16
MITE_T_12253|chr01|34131073|34131282|gga|21|F1080.fasta,377,11
MITE_T_9103|chr03|33087312|33087554|ATT|83|F769.fasta,377,17
MITE_T_15316|chr11|2545164|2545279|aactaaaca|17|F1448.fasta,381,13
MITE_T_1202|chr08|2472532|2472907|AT|21|F77.fasta,382,14
MITE_T_14537|chr07|22991899|22992046|TCA|12|F1342.fasta,383,23
MITE_T_6845|chr02|2218377|2218632|gc|14|F586.fasta,383,20
MITE_T_15306|chr08|19803593|19803710|tg|16|F1446.fasta,387,26
MITE_T_6557|chr03|5793449|5793706|gc|35|F560.fasta,391,18
MITE_T_6592|chr09|17927037|17927294|gc|14|F564.fasta,396,18
MITE_T_5206|chr12|25414750|25415017|TA|20|F430.fasta,398,20
MITE_T_13441|chr11|18936678|18936836|At|164|F1226.fasta,405,11
MITE_T_14928|chr08|11279388|11279528|TTA|13|F1390.fasta,424,17
MITE_T_8289|chr04|4523583|4523829|AT|16|F695.fasta,428,11
MITE_T_15400|chr01|1285210|1285318|at|16|F1463.fasta,429,13
MITE_T_14956|chr04|21529657|21529797|TAA|13|F1392.fasta,434,17
MITE_T_3802|chr05|17317421|17317708|TA|30|F303.fasta,437,13
MITE_T_14944|chr06|28119837|28119977|CAT|12|F1391.fasta,440,17
MITE_T_15325|chr01|24197292|24197406|ta|19|F1450.fasta,456,25
MITE_T_4383|chr05|6941309|6941585|AT|26|F357.fasta,458,12
MITE_T_14838|chr11|22267306|22267446|TAA|13|F1386.fasta,460,18
MITE_T_14170|chr05|13478744|13478894|ta|154|F1306.fasta,465,12
MITE_T_14616|chr01|24197284|24197429|gc|12|F1352.fasta,500,15
MITE_T_14865|chr11|11361779|11361919|TAA|32|F1387.fasta,510,18
MITE_T_14448|chr12|26167415|26167564|TGA|18|F1329.fasta,512,12
MITE_T_6654|chr01|24524054|24524311|at|268|F568.fasta,521,120
MITE_T_7107|chr01|12748613|12748867|TA|55|F611.fasta,532,27
MITE_T_9897|chr01|7023873|7024112|At|252|F826.fasta,540,44
MITE_T_14831|chr11|20649848|20649988|TTa|32|F1385.fasta,544,18
MITE_T_13414|chr06|23444613|23444771|ta|164|F1225.fasta,545,14
MITE_T_11217|chr06|1438118|1438353|ta|246|F947.fasta,548,14
MITE_T_3715|chr06|8815001|8815289|AAtt|304|F294.fasta,569,122
MITE_T_13951|chr02|20974612|20974764|AATt|164|F1280.fasta,591,12
MITE_T_14963|chr02|18301449|18301589|aat|32|F1394.fasta,610,18
MITE_T_1600|chr12|18942282|18942638|AC|362|F121.fasta,611,29
MITE_T_8587|chr09|144542|144786|ATAT|258|F726.fasta,615,12
MITE_T_1525|chr01|13559439|13559799|TA|12|F110.fasta,625,44
MITE_T_6944|chr05|3433910|3434164|atat|57|F595.fasta,644,42
MITE_T_11236|chr01|33266753|33266988|ta|250|F952.fasta,656,39
MITE_T_11146|chr10|650309|650544|ta|243|F936.fasta,658,13
MITE_T_8970|chr02|4065150|4065393|TTT|252|F760.fasta,661,20
MITE_T_10285|chr07|8427522|8427760|At|253|F856.fasta,669,35
MITE_T_11410|chr10|343988|344221|ta|245|F976.fasta,679,21
MITE_T_8452|chr06|25501777|25502022|ta|33|F717.fasta,686,15
MITE_T_2767|chr05|20413372|20413686|atcca|322|F232.fasta,734,93
MITE_T_3082|chr07|19586909|19587212|tagat|324|F256.fasta,772,116
MITE_T_12151|chr03|11310879|11311092|ta|222|F1067.fasta,824,40
MITE_T_10875|chr04|4504860|4505096|At|240|F911.fasta,827,42
MITE_T_9882|chr06|21170721|21170961|TATA|258|F824.fasta,832,23
MITE_T_11344|chr01|19508574|19508808|ATAt|81|F965.fasta,835,20
MITE_T_11230|chr07|26030141|26030376|ta|240|F951.fasta,916,18
MITE_T_10184|chr11|19686078|19686317|At|248|F839.fasta,927,22
MITE_T_10168|chr06|1800807|1801046|TA|250|F837.fasta,930,16
MITE_T_9761|chr03|34691470|34691710|AATA|249|F811.fasta,946,16
MITE_T_10210|chr02|19569783|19570022|CA|246|F844.fasta,958,48
MITE_T_11184|chr11|28234980|28235215|ta|245|F941.fasta,978,15
MITE_T_7437|chr07|5137897|5138148|TA|263|F639.fasta,978,11
MITE_T_8572|chr12|18193767|18194012|At|256|F724.fasta,1016,13
MITE_T_9065|chr12|26987056|26987298|TA|251|F763.fasta,1032,27
MITE_T_9204|chr02|6330529|6330771|AA|249|F782.fasta,1047,18
MITE_T_11129|chr08|16037453|16037689|At|247|F932.fasta,1051,45
MITE_T_7156|chr12|27196250|27196502|ta|80|F620.fasta,1058,11
MITE_T_11355|chr08|1992705|1992939|ta|246|F968.fasta,1059,16
MITE_T_9490|chr06|9139625|9139866|ATAt|86|F792.fasta,1070,13
MITE_T_11214|chr08|1507448|1507683|ta|76|F946.fasta,1092,11
MITE_T_5363|chr05|21682322|21682587|ATAT|22|F448.fasta,1120,13
MITE_T_10841|chr05|17035475|17035712|At|246|F907.fasta,1147,48
MITE_T_7514|chr08|5213187|5213437|TA|260|F651.fasta,1186,11
MITE_T_11220|chr02|8970131|8970366|ta|246|F948.fasta,1195,11
MITE_T_11034|chr04|22336614|22336850|ta|250|F919.fasta,1200,32
MITE_T_11224|chr04|25904360|25904595|ta|246|F949.fasta,1222,14
MITE_T_10415|chr08|26867060|26867298|ATAt|83|F866.fasta,1236,20
MITE_T_11113|chr08|2254532|2254768|TATA|256|F931.fasta,1249,24
MITE_T_6383|chr04|33252003|33252261|TG|33|F551.fasta,1254,14
MITE_T_10771|chr03|23643948|23644185|ta|250|F904.fasta,1269,28
MITE_T_8469|chr12|21920807|21921052|TA|263|F720.fasta,1270,21
MITE_T_8645|chr09|8619435|8619679|TA|256|F734.fasta,1270,11
MITE_T_10406|chr06|12080350|12080588|At|254|F865.fasta,1275,45
MITE_T_11418|chr12|24957394|24957627|ta|241|F978.fasta,1288,20
MITE_T_6906|chr07|26282574|26282829|AT|270|F590.fasta,1291,11
MITE_T_5109|chr03|14477688|14477955|At|11|F426.fasta,1309,12
MITE_T_11155|chr11|27318413|27318648|ta|245|F937.fasta,1313,22
MITE_T_7434|chr09|18261399|18261650|CT|86|F638.fasta,1328,11
MITE_T_7149|chr02|4192608|4192860|TTT|261|F618.fasta,1335,15
MITE_T_10720|chr12|25458418|25458655|At|244|F898.fasta,1337,18
MITE_T_10380|chr11|20781113|20781351|CTAA|78|F861.fasta,1340,19
MITE_T_10256|chr07|29007372|29007610|CA|244|F853.fasta,1346,46
MITE_T_7556|chr01|3456563|3456813|TA|256|F655.fasta,1361,18
MITE_T_11347|chr06|22586021|22586255|ta|242|F966.fasta,1372,12
MITE_T_9095|chr08|10051006|10051248|ATG|249|F768.fasta,1377,11
MITE_T_4469|chr05|11320157|11320431|At|58|F367.fasta,1397,24
MITE_T_10387|chr09|11585455|11585693|AAA|242|F862.fasta,1406,31
MITE_T_6468|chr05|4662833|4663090|GCTT|265|F553.fasta,1413,11
MITE_T_8088|chr07|738258|738506|TAA|25|F677.fasta,1414,17
MITE_T_11372|chr02|35212727|35212961|ta|244|F971.fasta,1435,12
MITE_T_9908|chr01|14342231|14342470|CA|247|F828.fasta,1439,48
MITE_T_11227|chr03|1650636|1650871|ta|245|F950.fasta,1453,39
MITE_T_8634|chr04|5844792|5845036|TT|256|F733.fasta,1470,14
MITE_T_9673|chr12|26229684|26229925|TATA|93|F800.fasta,1472,14
MITE_T_8117|chr05|16791224|16791472|TATG|255|F682.fasta,1474,11
MITE_T_11207|chr05|25096614|25096849|ta|245|F944.fasta,1487,65
MITE_T_8729|chr11|26327899|26328143|At|257|F742.fasta,1496,30
MITE_T_10225|chr04|25852942|25853181|TA|249|F847.fasta,1500,13
MITE_T_11195|chr08|5699467|5699702|ta|242|F943.fasta,1506,19
MITE_T_10899|chr07|9433129|9433365|At|247|F915.fasta,1509,15
MITE_T_11249|chr03|33760238|33760473|TA|245|F954.fasta,1525,13
MITE_T_8254|chr10|14175323|14175570|ATATAT|269|F691.fasta,1541,11
MITE_T_10487|chr09|22451843|22452080|at|244|F876.fasta,1554,31
MITE_T_10368|chr12|18613732|18613970|AT|253|F859.fasta,1604,28
MITE_T_10668|chr04|31747346|31747583|At|246|F890.fasta,1606,48
MITE_T_11469|chr06|24643043|24643274|ta|243|F989.fasta,1610,14
MITE_T_7507|chr04|17384463|17384713|AT|260|F650.fasta,1629,11
MITE_T_11382|chr04|17461245|17461479|ta|245|F973.fasta,1635,28
MITE_T_8423|chr03|433010|433255|AT|257|F715.fasta,1659,13
MITE_T_11060|chr05|4795970|4796206|At|245|F924.fasta,1667,48
MITE_T_9295|chr08|21574588|21574829|TT|247|F784.fasta,1689,13
MITE_T_10250|chr08|21081975|21082213|TAT|79|F852.fasta,1701,27
MITE_T_7142|chr03|28062925|28063178|TA|265|F616.fasta,1713,15
MITE_T_11163|chr11|23463616|23463851|TAta|250|F938.fasta,1724,16
MITE_T_7444|chr05|17431691|17431942|TA|88|F641.fasta,1728,11
MITE_T_11173|chr02|5319785|5320020|ta|246|F939.fasta,1732,48
MITE_T_10240|chr03|14961735|14961974|TTATAA|257|F851.fasta,1735,53
MITE_T_11239|chr02|20962974|20963209|ta|246|F953.fasta,1736,44
MITE_T_9072|chr06|2009266|2009508|TT|77|F764.fasta,1739,13
MITE_T_8024|chr01|19095237|19095486|TT|254|F671.fasta,1749,11
MITE_T_9306|chr02|11957342|11957583|ta|251|F785.fasta,1765,15
MITE_T_8989|chr01|8184850|8185093|AC|248|F761.fasta,1791,12
MITE_T_9725|chr08|24884344|24884584|TATC|246|F807.fasta,1816,16
MITE_T_7456|chr07|9564268|9564519|AATT|24|F643.fasta,1817,11
MITE_T_7084|chr11|28131702|28131956|TATA|272|F608.fasta,1818,13
MITE_T_10904|chr02|15934527|15934763|At|244|F916.fasta,1827,30
MITE_T_12529|chr12|16898903|16899104|tttcgaaa|224|F1106.fasta,1844,43
MITE_T_11433|chr12|21130361|21130593|Gtac|246|F982.fasta,1887,23
MITE_T_7360|chr12|24174359|24174610|AT|261|F631.fasta,1921,11
MITE_T_11375|chr02|8278788|8279022|ta|247|F972.fasta,1944,22
MITE_T_5643|chr06|19873487|19873749|At|16|F483.fasta,1951,11
MITE_T_7254|chr07|10923207|10923458|TA|262|F630.fasta,1960,11
MITE_T_10638|chr11|27844481|27844718|AT|247|F887.fasta,1977,22
MITE_T_12345|chr06|27577689|27577894|caa|211|F1090.fasta,1998,55
MITE_T_6727|chr07|25844307|25844563|TA|12|F575.fasta,2002,15
MITE_T_11045|chr02|248576|248812|ta|246|F921.fasta,2023,18
MITE_T_10496|chr01|4998814|4999051|ta|250|F877.fasta,2107,11
MITE_T_7640|chr01|7306784|7307033|TA|260|F668.fasta,2110,19
MITE_T_10522|chr06|26765172|26765409|ta|244|F878.fasta,2129,47
MITE_T_10775|chr09|7961986|7962223|At|247|F905.fasta,2165,21
MITE_T_6926|chr02|22205086|22205340|at|266|F593.fasta,2223,11
MITE_T_10563|chr10|11740174|11740411|At|246|F880.fasta,2418,14
